<?xml version="1.0" encoding="UTF-8"?>
<project-private xmlns="http://www.netbeans.org/ns/project-private/1">
    <editor-bookmarks xmlns="http://www.netbeans.org/ns/editor-bookmarks/2" lastBookmarkId="0"/>
    <open-files xmlns="http://www.netbeans.org/ns/projectui-open-files/2">
        <group>
            <file>file:/C:/Users/Asus/Downloads/Chess_Ninja-20221217T144839Z-001/Chess_Ninja/src/com/chess/engine/classic/board/MoveUtils.java</file>
            <file>file:/C:/Users/Asus/Downloads/Chess_Ninja-20221217T144839Z-001/Chess_Ninja/src/com/chess/engine/bitboards/BitBoard.java</file>
            <file>file:/C:/Users/Asus/Downloads/Chess_Ninja-20221217T144839Z-001/Chess_Ninja/src/com/chess/engine/classic/player/ai/MoveOrdering.java</file>
            <file>file:/C:/Users/Asus/Downloads/Chess_Ninja-20221217T144839Z-001/Chess_Ninja/src/com/chess/engine/classic/player/ai/StockAlphaBeta.java</file>
            <file>file:/C:/Users/Asus/Downloads/Chess_Ninja-20221217T144839Z-001/Chess_Ninja/src/com/chess/engine/classic/player/ai/BoardEvaluator.java</file>
            <file>file:/C:/Users/Asus/Downloads/Chess_Ninja-20221217T144839Z-001/Chess_Ninja/src/com/chess/gui/Main.java</file>
            <file>file:/C:/Users/Asus/Downloads/Chess_Ninja-20221217T144839Z-001/Chess_Ninja/src/com/chess/Chess_Ninja_Start.java</file>
            <file>file:/C:/Users/Asus/Downloads/Chess_Ninja-20221217T144839Z-001/Chess_Ninja/src/com/chess/engine/classic/pieces/Piece.java</file>
            <file>file:/C:/Users/Asus/Downloads/Chess_Ninja-20221217T144839Z-001/Chess_Ninja/src/com/chess/gui/Chat_Text.java</file>
            <file>file:/C:/Users/Asus/Downloads/Chess_Ninja-20221217T144839Z-001/Chess_Ninja/src/com/chess/engine/classic/board/MoveTransition.java</file>
            <file>file:/C:/Users/Asus/Downloads/Chess_Ninja-20221217T144839Z-001/Chess_Ninja/src/com/chess/engine/classic/player/ai/PawnStructureAnalyzer.java</file>
            <file>file:/C:/Users/Asus/Downloads/Chess_Ninja-20221217T144839Z-001/Chess_Ninja/src/com/chess/gui/Item_Left.java</file>
            <file>file:/C:/Users/Asus/Downloads/Chess_Ninja-20221217T144839Z-001/Chess_Ninja/src/com/chess/engine/classic/player/ai/MoveStrategy.java</file>
            <file>file:/C:/Users/Asus/Downloads/Chess_Ninja-20221217T144839Z-001/Chess_Ninja/src/com/chess/gui/Item_Right.java</file>
            <file>file:/C:/Users/Asus/Downloads/Chess_Ninja-20221217T144839Z-001/Chess_Ninja/src/com/chess/gui/Stopwatch.java</file>
        </group>
    </open-files>
</project-private>
